{
  "schema": "1.0",
  "type": "whmcs-servers",
  "name": "vpc",
  "license": "proprietary",
  "category": "Seguridad y Contraseñas",
  "description": {
    "name": "Virtual-PC - Cambio De Contreseña",
    "tagline": "Integración VPC XHOST",
    "short": "Desarrollado por XHOST",
    "long": "Cambio De Constraseña Usuario en servicio VIRTUAL-PC"
  },
  
  "logo": {
    "filename": "logo.png"
  },
  "support": {
    "homepage": "https:\/\/www.xhost.cl\/",
    "learn_more": "https:\/\/control-webpanel.com\/features",
    "support_url": "https:\/\/control-webpanel.com\/support-services",
    "docs_url": "https:\/\/wiki.centos-webpanel.com\/"
  },
  "authors": [
    {
      "name": "XHOST",
      "homepage": "https:\/\/www.xhost.cl\/"
    }
  ]
}